student_id,tag_id,created_at
58000001,6,2024-09-01 10:00:00
58000001,29,2024-09-01 10:00:00
58000001,46,2024-09-01 10:00:00
58000001,33,2024-09-01 10:00:00
58000001,74,2024-09-01 10:00:00
58000001,56,2024-09-01 10:00:00
58000001,71,2024-09-01 10:00:00
58000001,93,2024-09-01 10:00:00
58000001,112,2024-09-01 10:00:00
58000001,91,2024-09-01 10:00:00
58000001,117,2024-09-01 10:00:00
58000002,5,2024-09-01 10:00:00
58000002,36,2024-09-01 10:00:00
58000002,40,2024-09-01 10:00:00
58000002,45,2024-09-01 10:00:00
58000002,85,2024-09-01 10:00:00
58000002,54,2024-09-01 10:00:00
58000002,80,2024-09-01 10:00:00
58000002,108,2024-09-01 10:00:00
58000002,121,2024-09-01 10:00:00
58000003,7,2024-09-01 10:00:00
58000003,37,2024-09-01 10:00:00
58000003,26,2024-09-01 10:00:00
58000003,56,2024-09-01 10:00:00
58000003,83,2024-09-01 10:00:00
58000003,91,2024-09-01 10:00:00
58000003,94,2024-09-01 10:00:00
58000003,92,2024-09-01 10:00:00
58000003,125,2024-09-01 10:00:00
58000004,1,2024-09-01 10:00:00
58000004,35,2024-09-01 10:00:00
58000004,25,2024-09-01 10:00:00
58000004,42,2024-09-01 10:00:00
58000004,47,2024-09-01 10:00:00
58000004,51,2024-09-01 10:00:00
58000004,113,2024-09-01 10:00:00
58000004,111,2024-09-01 10:00:00
58000004,89,2024-09-01 10:00:00
58000004,121,2024-09-01 10:00:00
58000005,6,2024-09-01 10:00:00
58000005,33,2024-09-01 10:00:00
58000005,27,2024-09-01 10:00:00
58000005,21,2024-09-01 10:00:00
58000005,80,2024-09-01 10:00:00
58000005,102,2024-09-01 10:00:00
58000005,122,2024-09-01 10:00:00
58000006,11,2024-09-01 10:00:00
58000006,44,2024-09-01 10:00:00
58000006,42,2024-09-01 10:00:00
58000006,41,2024-09-01 10:00:00
58000006,59,2024-09-01 10:00:00
58000006,71,2024-09-01 10:00:00
58000006,65,2024-09-01 10:00:00
58000006,99,2024-09-01 10:00:00
58000006,112,2024-09-01 10:00:00
58000006,103,2024-09-01 10:00:00
58000006,119,2024-09-01 10:00:00
58000007,3,2024-09-01 10:00:00
58000007,24,2024-09-01 10:00:00
58000007,18,2024-09-01 10:00:00
58000007,25,2024-09-01 10:00:00
58000007,56,2024-09-01 10:00:00
58000007,115,2024-09-01 10:00:00
58000007,113,2024-09-01 10:00:00
58000007,90,2024-09-01 10:00:00
58000007,121,2024-09-01 10:00:00
58000008,11,2024-09-01 10:00:00
58000008,31,2024-09-01 10:00:00
58000008,28,2024-09-01 10:00:00
58000008,48,2024-09-01 10:00:00
58000008,112,2024-09-01 10:00:00
58000008,119,2024-09-01 10:00:00
58000009,7,2024-09-01 10:00:00
58000009,17,2024-09-01 10:00:00
58000009,33,2024-09-01 10:00:00
58000009,53,2024-09-01 10:00:00
58000009,85,2024-09-01 10:00:00
58000009,59,2024-09-01 10:00:00
58000009,88,2024-09-01 10:00:00
58000009,113,2024-09-01 10:00:00
58000009,125,2024-09-01 10:00:00
58000010,13,2024-09-01 10:00:00
58000010,20,2024-09-01 10:00:00
58000010,29,2024-09-01 10:00:00
58000010,54,2024-09-01 10:00:00
58000010,104,2024-09-01 10:00:00
58000010,122,2024-09-01 10:00:00
58000011,15,2024-09-01 10:00:00
58000011,40,2024-09-01 10:00:00
58000011,50,2024-09-01 10:00:00
58000011,103,2024-09-01 10:00:00
58000011,126,2024-09-01 10:00:00
58000012,5,2024-09-01 10:00:00
58000012,34,2024-09-01 10:00:00
58000012,73,2024-09-01 10:00:00
58000012,85,2024-09-01 10:00:00
58000012,90,2024-09-01 10:00:00
58000012,118,2024-09-01 10:00:00
58000013,6,2024-09-01 10:00:00
58000013,38,2024-09-01 10:00:00
58000013,47,2024-09-01 10:00:00
58000013,101,2024-09-01 10:00:00
58000013,93,2024-09-01 10:00:00
58000013,91,2024-09-01 10:00:00
58000013,120,2024-09-01 10:00:00
58000014,9,2024-09-01 10:00:00
58000014,28,2024-09-01 10:00:00
58000014,44,2024-09-01 10:00:00
58000014,24,2024-09-01 10:00:00
58000014,64,2024-09-01 10:00:00
58000014,97,2024-09-01 10:00:00
58000014,113,2024-09-01 10:00:00
58000014,114,2024-09-01 10:00:00
58000014,119,2024-09-01 10:00:00
58000015,15,2024-09-01 10:00:00
58000015,31,2024-09-01 10:00:00
58000015,41,2024-09-01 10:00:00
58000015,51,2024-09-01 10:00:00
58000015,92,2024-09-01 10:00:00
58000015,104,2024-09-01 10:00:00
58000015,127,2024-09-01 10:00:00
58000016,8,2024-09-01 10:00:00
58000016,38,2024-09-01 10:00:00
58000016,40,2024-09-01 10:00:00
58000016,68,2024-09-01 10:00:00
58000016,96,2024-09-01 10:00:00
58000016,87,2024-09-01 10:00:00
58000016,118,2024-09-01 10:00:00
58000017,9,2024-09-01 10:00:00
58000017,31,2024-09-01 10:00:00
58000017,45,2024-09-01 10:00:00
58000017,66,2024-09-01 10:00:00
58000017,86,2024-09-01 10:00:00
58000017,102,2024-09-01 10:00:00
58000017,124,2024-09-01 10:00:00
58000018,8,2024-09-01 10:00:00
58000018,31,2024-09-01 10:00:00
58000018,19,2024-09-01 10:00:00
58000018,21,2024-09-01 10:00:00
58000018,83,2024-09-01 10:00:00
58000018,66,2024-09-01 10:00:00
58000018,69,2024-09-01 10:00:00
58000018,113,2024-09-01 10:00:00
58000018,92,2024-09-01 10:00:00
58000018,125,2024-09-01 10:00:00
58000019,6,2024-09-01 10:00:00
58000019,19,2024-09-01 10:00:00
58000019,42,2024-09-01 10:00:00
58000019,61,2024-09-01 10:00:00
58000019,106,2024-09-01 10:00:00
58000019,104,2024-09-01 10:00:00
58000019,97,2024-09-01 10:00:00
58000019,126,2024-09-01 10:00:00
58000020,8,2024-09-01 10:00:00
58000020,39,2024-09-01 10:00:00
58000020,81,2024-09-01 10:00:00
58000020,87,2024-09-01 10:00:00
58000020,123,2024-09-01 10:00:00
58000021,11,2024-09-01 10:00:00
58000021,28,2024-09-01 10:00:00
58000021,39,2024-09-01 10:00:00
58000021,61,2024-09-01 10:00:00
58000021,80,2024-09-01 10:00:00
58000021,90,2024-09-01 10:00:00
58000021,119,2024-09-01 10:00:00
58000022,13,2024-09-01 10:00:00
58000022,26,2024-09-01 10:00:00
58000022,71,2024-09-01 10:00:00
58000022,72,2024-09-01 10:00:00
58000022,62,2024-09-01 10:00:00
58000022,88,2024-09-01 10:00:00
58000022,92,2024-09-01 10:00:00
58000022,97,2024-09-01 10:00:00
58000022,123,2024-09-01 10:00:00
58000023,15,2024-09-01 10:00:00
58000023,38,2024-09-01 10:00:00
58000023,23,2024-09-01 10:00:00
58000023,85,2024-09-01 10:00:00
58000023,52,2024-09-01 10:00:00
58000023,80,2024-09-01 10:00:00
58000023,113,2024-09-01 10:00:00
58000023,119,2024-09-01 10:00:00
58000024,6,2024-09-01 10:00:00
58000024,40,2024-09-01 10:00:00
58000024,56,2024-09-01 10:00:00
58000024,80,2024-09-01 10:00:00
58000024,88,2024-09-01 10:00:00
58000024,125,2024-09-01 10:00:00
58000025,2,2024-09-01 10:00:00
58000025,25,2024-09-01 10:00:00
58000025,45,2024-09-01 10:00:00
58000025,66,2024-09-01 10:00:00
58000025,75,2024-09-01 10:00:00
58000025,64,2024-09-01 10:00:00
58000025,112,2024-09-01 10:00:00
58000025,89,2024-09-01 10:00:00
58000025,122,2024-09-01 10:00:00
58000026,2,2024-09-01 10:00:00
58000026,46,2024-09-01 10:00:00
58000026,18,2024-09-01 10:00:00
58000026,53,2024-09-01 10:00:00
58000026,70,2024-09-01 10:00:00
58000026,51,2024-09-01 10:00:00
58000026,105,2024-09-01 10:00:00
58000026,87,2024-09-01 10:00:00
58000026,88,2024-09-01 10:00:00
58000026,122,2024-09-01 10:00:00
58000027,13,2024-09-01 10:00:00
58000027,40,2024-09-01 10:00:00
58000027,63,2024-09-01 10:00:00
58000027,65,2024-09-01 10:00:00
58000027,95,2024-09-01 10:00:00
58000027,102,2024-09-01 10:00:00
58000027,111,2024-09-01 10:00:00
58000027,120,2024-09-01 10:00:00
58000028,14,2024-09-01 10:00:00
58000028,22,2024-09-01 10:00:00
58000028,41,2024-09-01 10:00:00
58000028,17,2024-09-01 10:00:00
58000028,64,2024-09-01 10:00:00
58000028,51,2024-09-01 10:00:00
58000028,96,2024-09-01 10:00:00
58000028,92,2024-09-01 10:00:00
58000028,88,2024-09-01 10:00:00
58000028,125,2024-09-01 10:00:00
58000029,4,2024-09-01 10:00:00
58000029,40,2024-09-01 10:00:00
58000029,68,2024-09-01 10:00:00
58000029,47,2024-09-01 10:00:00
58000029,80,2024-09-01 10:00:00
58000029,112,2024-09-01 10:00:00
58000029,113,2024-09-01 10:00:00
58000029,89,2024-09-01 10:00:00
58000029,125,2024-09-01 10:00:00
58000030,3,2024-09-01 10:00:00
58000030,31,2024-09-01 10:00:00
58000030,74,2024-09-01 10:00:00
58000030,94,2024-09-01 10:00:00
58000030,112,2024-09-01 10:00:00
58000030,100,2024-09-01 10:00:00
58000030,121,2024-09-01 10:00:00
58000031,12,2024-09-01 10:00:00
58000031,28,2024-09-01 10:00:00
58000031,24,2024-09-01 10:00:00
58000031,37,2024-09-01 10:00:00
58000031,53,2024-09-01 10:00:00
58000031,74,2024-09-01 10:00:00
58000031,108,2024-09-01 10:00:00
58000031,119,2024-09-01 10:00:00
58000032,1,2024-09-01 10:00:00
58000032,33,2024-09-01 10:00:00
58000032,39,2024-09-01 10:00:00
58000032,65,2024-09-01 10:00:00
58000032,76,2024-09-01 10:00:00
58000032,93,2024-09-01 10:00:00
58000032,92,2024-09-01 10:00:00
58000032,109,2024-09-01 10:00:00
58000032,119,2024-09-01 10:00:00
58000033,11,2024-09-01 10:00:00
58000033,29,2024-09-01 10:00:00
58000033,52,2024-09-01 10:00:00
58000033,61,2024-09-01 10:00:00
58000033,96,2024-09-01 10:00:00
58000033,127,2024-09-01 10:00:00
58000034,1,2024-09-01 10:00:00
58000034,45,2024-09-01 10:00:00
58000034,46,2024-09-01 10:00:00
58000034,65,2024-09-01 10:00:00
58000034,91,2024-09-01 10:00:00
58000034,88,2024-09-01 10:00:00
58000034,86,2024-09-01 10:00:00
58000034,124,2024-09-01 10:00:00
58000035,6,2024-09-01 10:00:00
58000035,26,2024-09-01 10:00:00
58000035,64,2024-09-01 10:00:00
58000035,67,2024-09-01 10:00:00
58000035,108,2024-09-01 10:00:00
58000035,113,2024-09-01 10:00:00
58000035,100,2024-09-01 10:00:00
58000035,124,2024-09-01 10:00:00
58000036,7,2024-09-01 10:00:00
58000036,20,2024-09-01 10:00:00
58000036,38,2024-09-01 10:00:00
58000036,27,2024-09-01 10:00:00
58000036,62,2024-09-01 10:00:00
58000036,81,2024-09-01 10:00:00
58000036,85,2024-09-01 10:00:00
58000036,108,2024-09-01 10:00:00
58000036,127,2024-09-01 10:00:00
58000037,4,2024-09-01 10:00:00
58000037,20,2024-09-01 10:00:00
58000037,77,2024-09-01 10:00:00
58000037,53,2024-09-01 10:00:00
58000037,80,2024-09-01 10:00:00
58000037,106,2024-09-01 10:00:00
58000037,127,2024-09-01 10:00:00
58000038,9,2024-09-01 10:00:00
58000038,19,2024-09-01 10:00:00
58000038,48,2024-09-01 10:00:00
58000038,67,2024-09-01 10:00:00
58000038,54,2024-09-01 10:00:00
58000038,94,2024-09-01 10:00:00
58000038,95,2024-09-01 10:00:00
58000038,124,2024-09-01 10:00:00
58000039,10,2024-09-01 10:00:00
58000039,22,2024-09-01 10:00:00
58000039,24,2024-09-01 10:00:00
58000039,78,2024-09-01 10:00:00
58000039,95,2024-09-01 10:00:00
58000039,86,2024-09-01 10:00:00
58000039,117,2024-09-01 10:00:00
58000040,14,2024-09-01 10:00:00
58000040,46,2024-09-01 10:00:00
58000040,45,2024-09-01 10:00:00
58000040,67,2024-09-01 10:00:00
58000040,66,2024-09-01 10:00:00
58000040,76,2024-09-01 10:00:00
58000040,93,2024-09-01 10:00:00
58000040,126,2024-09-01 10:00:00
58000041,10,2024-09-01 10:00:00
58000041,30,2024-09-01 10:00:00
58000041,29,2024-09-01 10:00:00
58000041,17,2024-09-01 10:00:00
58000041,81,2024-09-01 10:00:00
58000041,62,2024-09-01 10:00:00
58000041,87,2024-09-01 10:00:00
58000041,119,2024-09-01 10:00:00
58000042,3,2024-09-01 10:00:00
58000042,17,2024-09-01 10:00:00
58000042,19,2024-09-01 10:00:00
58000042,22,2024-09-01 10:00:00
58000042,66,2024-09-01 10:00:00
58000042,77,2024-09-01 10:00:00
58000042,111,2024-09-01 10:00:00
58000042,112,2024-09-01 10:00:00
58000042,86,2024-09-01 10:00:00
58000042,124,2024-09-01 10:00:00
58000043,10,2024-09-01 10:00:00
58000043,22,2024-09-01 10:00:00
58000043,20,2024-09-01 10:00:00
58000043,68,2024-09-01 10:00:00
58000043,110,2024-09-01 10:00:00
58000043,121,2024-09-01 10:00:00
58000044,4,2024-09-01 10:00:00
58000044,25,2024-09-01 10:00:00
58000044,44,2024-09-01 10:00:00
58000044,52,2024-09-01 10:00:00
58000044,64,2024-09-01 10:00:00
58000044,96,2024-09-01 10:00:00
58000044,106,2024-09-01 10:00:00
58000044,86,2024-09-01 10:00:00
58000044,127,2024-09-01 10:00:00
58000045,1,2024-09-01 10:00:00
58000045,40,2024-09-01 10:00:00
58000045,26,2024-09-01 10:00:00
58000045,78,2024-09-01 10:00:00
58000045,58,2024-09-01 10:00:00
58000045,90,2024-09-01 10:00:00
58000045,109,2024-09-01 10:00:00
58000045,116,2024-09-01 10:00:00
58000046,15,2024-09-01 10:00:00
58000046,38,2024-09-01 10:00:00
58000046,41,2024-09-01 10:00:00
58000046,80,2024-09-01 10:00:00
58000046,55,2024-09-01 10:00:00
58000046,106,2024-09-01 10:00:00
58000046,95,2024-09-01 10:00:00
58000046,121,2024-09-01 10:00:00
58000047,13,2024-09-01 10:00:00
58000047,46,2024-09-01 10:00:00
58000047,34,2024-09-01 10:00:00
58000047,19,2024-09-01 10:00:00
58000047,66,2024-09-01 10:00:00
58000047,48,2024-09-01 10:00:00
58000047,114,2024-09-01 10:00:00
58000047,108,2024-09-01 10:00:00
58000047,89,2024-09-01 10:00:00
58000047,118,2024-09-01 10:00:00
58000048,4,2024-09-01 10:00:00
58000048,35,2024-09-01 10:00:00
58000048,54,2024-09-01 10:00:00
58000048,64,2024-09-01 10:00:00
58000048,76,2024-09-01 10:00:00
58000048,94,2024-09-01 10:00:00
58000048,100,2024-09-01 10:00:00
58000048,121,2024-09-01 10:00:00
58000049,11,2024-09-01 10:00:00
58000049,29,2024-09-01 10:00:00
58000049,43,2024-09-01 10:00:00
58000049,27,2024-09-01 10:00:00
58000049,85,2024-09-01 10:00:00
58000049,84,2024-09-01 10:00:00
58000049,75,2024-09-01 10:00:00
58000049,111,2024-09-01 10:00:00
58000049,116,2024-09-01 10:00:00
58000050,7,2024-09-01 10:00:00
58000050,33,2024-09-01 10:00:00
58000050,18,2024-09-01 10:00:00
58000050,58,2024-09-01 10:00:00
58000050,62,2024-09-01 10:00:00
58000050,69,2024-09-01 10:00:00
58000050,105,2024-09-01 10:00:00
58000050,108,2024-09-01 10:00:00
58000050,103,2024-09-01 10:00:00
58000050,126,2024-09-01 10:00:00
58000051,7,2024-09-01 10:00:00
58000051,19,2024-09-01 10:00:00
58000051,68,2024-09-01 10:00:00
58000051,47,2024-09-01 10:00:00
58000051,54,2024-09-01 10:00:00
58000051,100,2024-09-01 10:00:00
58000051,98,2024-09-01 10:00:00
58000051,118,2024-09-01 10:00:00
58000052,2,2024-09-01 10:00:00
58000052,29,2024-09-01 10:00:00
58000052,32,2024-09-01 10:00:00
58000052,28,2024-09-01 10:00:00
58000052,47,2024-09-01 10:00:00
58000052,111,2024-09-01 10:00:00
58000052,101,2024-09-01 10:00:00
58000052,121,2024-09-01 10:00:00
58000053,5,2024-09-01 10:00:00
58000053,37,2024-09-01 10:00:00
58000053,65,2024-09-01 10:00:00
58000053,80,2024-09-01 10:00:00
58000053,114,2024-09-01 10:00:00
58000053,103,2024-09-01 10:00:00
58000053,91,2024-09-01 10:00:00
58000053,122,2024-09-01 10:00:00
58000054,2,2024-09-01 10:00:00
58000054,28,2024-09-01 10:00:00
58000054,35,2024-09-01 10:00:00
58000054,64,2024-09-01 10:00:00
58000054,81,2024-09-01 10:00:00
58000054,102,2024-09-01 10:00:00
58000054,88,2024-09-01 10:00:00
58000054,99,2024-09-01 10:00:00
58000054,119,2024-09-01 10:00:00
58000055,3,2024-09-01 10:00:00
58000055,37,2024-09-01 10:00:00
58000055,21,2024-09-01 10:00:00
58000055,78,2024-09-01 10:00:00
58000055,53,2024-09-01 10:00:00
58000055,68,2024-09-01 10:00:00
58000055,115,2024-09-01 10:00:00
58000055,91,2024-09-01 10:00:00
58000055,87,2024-09-01 10:00:00
58000055,123,2024-09-01 10:00:00
58000056,7,2024-09-01 10:00:00
58000056,43,2024-09-01 10:00:00
58000056,57,2024-09-01 10:00:00
58000056,105,2024-09-01 10:00:00
58000056,127,2024-09-01 10:00:00
58000057,14,2024-09-01 10:00:00
58000057,31,2024-09-01 10:00:00
58000057,43,2024-09-01 10:00:00
58000057,32,2024-09-01 10:00:00
58000057,79,2024-09-01 10:00:00
58000057,61,2024-09-01 10:00:00
58000057,104,2024-09-01 10:00:00
58000057,97,2024-09-01 10:00:00
58000057,120,2024-09-01 10:00:00
58000058,10,2024-09-01 10:00:00
58000058,28,2024-09-01 10:00:00
58000058,37,2024-09-01 10:00:00
58000058,73,2024-09-01 10:00:00
58000058,62,2024-09-01 10:00:00
58000058,113,2024-09-01 10:00:00
58000058,121,2024-09-01 10:00:00
58000059,6,2024-09-01 10:00:00
58000059,34,2024-09-01 10:00:00
58000059,24,2024-09-01 10:00:00
58000059,63,2024-09-01 10:00:00
58000059,50,2024-09-01 10:00:00
58000059,93,2024-09-01 10:00:00
58000059,113,2024-09-01 10:00:00
58000059,127,2024-09-01 10:00:00
58000060,15,2024-09-01 10:00:00
58000060,22,2024-09-01 10:00:00
58000060,20,2024-09-01 10:00:00
58000060,43,2024-09-01 10:00:00
58000060,69,2024-09-01 10:00:00
58000060,76,2024-09-01 10:00:00
58000060,108,2024-09-01 10:00:00
58000060,102,2024-09-01 10:00:00
58000060,125,2024-09-01 10:00:00
58000061,14,2024-09-01 10:00:00
58000061,25,2024-09-01 10:00:00
58000061,21,2024-09-01 10:00:00
58000061,37,2024-09-01 10:00:00
58000061,57,2024-09-01 10:00:00
58000061,104,2024-09-01 10:00:00
58000061,116,2024-09-01 10:00:00
58000062,2,2024-09-01 10:00:00
58000062,29,2024-09-01 10:00:00
58000062,32,2024-09-01 10:00:00
58000062,66,2024-09-01 10:00:00
58000062,83,2024-09-01 10:00:00
58000062,103,2024-09-01 10:00:00
58000062,99,2024-09-01 10:00:00
58000062,105,2024-09-01 10:00:00
58000062,119,2024-09-01 10:00:00
58000063,6,2024-09-01 10:00:00
58000063,21,2024-09-01 10:00:00
58000063,74,2024-09-01 10:00:00
58000063,73,2024-09-01 10:00:00
58000063,91,2024-09-01 10:00:00
58000063,102,2024-09-01 10:00:00
58000063,108,2024-09-01 10:00:00
58000063,120,2024-09-01 10:00:00
58000064,6,2024-09-01 10:00:00
58000064,39,2024-09-01 10:00:00
58000064,25,2024-09-01 10:00:00
58000064,55,2024-09-01 10:00:00
58000064,75,2024-09-01 10:00:00
58000064,113,2024-09-01 10:00:00
58000064,101,2024-09-01 10:00:00
58000064,105,2024-09-01 10:00:00
58000064,126,2024-09-01 10:00:00
58000065,5,2024-09-01 10:00:00
58000065,27,2024-09-01 10:00:00
58000065,21,2024-09-01 10:00:00
58000065,20,2024-09-01 10:00:00
58000065,53,2024-09-01 10:00:00
58000065,60,2024-09-01 10:00:00
58000065,97,2024-09-01 10:00:00
58000065,89,2024-09-01 10:00:00
58000065,101,2024-09-01 10:00:00
58000065,117,2024-09-01 10:00:00
58000066,9,2024-09-01 10:00:00
58000066,46,2024-09-01 10:00:00
58000066,36,2024-09-01 10:00:00
58000066,42,2024-09-01 10:00:00
58000066,61,2024-09-01 10:00:00
58000066,49,2024-09-01 10:00:00
58000066,56,2024-09-01 10:00:00
58000066,108,2024-09-01 10:00:00
58000066,126,2024-09-01 10:00:00
58000067,6,2024-09-01 10:00:00
58000067,29,2024-09-01 10:00:00
58000067,19,2024-09-01 10:00:00
58000067,49,2024-09-01 10:00:00
58000067,61,2024-09-01 10:00:00
58000067,100,2024-09-01 10:00:00
58000067,121,2024-09-01 10:00:00
58000068,16,2024-09-01 10:00:00
58000068,37,2024-09-01 10:00:00
58000068,27,2024-09-01 10:00:00
58000068,65,2024-09-01 10:00:00
58000068,108,2024-09-01 10:00:00
58000068,87,2024-09-01 10:00:00
58000068,123,2024-09-01 10:00:00
58000069,4,2024-09-01 10:00:00
58000069,30,2024-09-01 10:00:00
58000069,84,2024-09-01 10:00:00
58000069,88,2024-09-01 10:00:00
58000069,114,2024-09-01 10:00:00
58000069,96,2024-09-01 10:00:00
58000069,121,2024-09-01 10:00:00
58000070,4,2024-09-01 10:00:00
58000070,22,2024-09-01 10:00:00
58000070,37,2024-09-01 10:00:00
58000070,17,2024-09-01 10:00:00
58000070,85,2024-09-01 10:00:00
58000070,56,2024-09-01 10:00:00
58000070,92,2024-09-01 10:00:00
58000070,123,2024-09-01 10:00:00
58000071,11,2024-09-01 10:00:00
58000071,21,2024-09-01 10:00:00
58000071,20,2024-09-01 10:00:00
58000071,31,2024-09-01 10:00:00
58000071,83,2024-09-01 10:00:00
58000071,53,2024-09-01 10:00:00
58000071,111,2024-09-01 10:00:00
58000071,123,2024-09-01 10:00:00
58000072,13,2024-09-01 10:00:00
58000072,29,2024-09-01 10:00:00
58000072,45,2024-09-01 10:00:00
58000072,26,2024-09-01 10:00:00
58000072,58,2024-09-01 10:00:00
58000072,90,2024-09-01 10:00:00
58000072,105,2024-09-01 10:00:00
58000072,117,2024-09-01 10:00:00
58000073,8,2024-09-01 10:00:00
58000073,23,2024-09-01 10:00:00
58000073,17,2024-09-01 10:00:00
58000073,53,2024-09-01 10:00:00
58000073,70,2024-09-01 10:00:00
58000073,54,2024-09-01 10:00:00
58000073,108,2024-09-01 10:00:00
58000073,116,2024-09-01 10:00:00
58000074,3,2024-09-01 10:00:00
58000074,38,2024-09-01 10:00:00
58000074,27,2024-09-01 10:00:00
58000074,40,2024-09-01 10:00:00
58000074,80,2024-09-01 10:00:00
58000074,104,2024-09-01 10:00:00
58000074,111,2024-09-01 10:00:00
58000074,102,2024-09-01 10:00:00
58000074,127,2024-09-01 10:00:00
58000075,8,2024-09-01 10:00:00
58000075,18,2024-09-01 10:00:00
58000075,48,2024-09-01 10:00:00
58000075,56,2024-09-01 10:00:00
58000075,84,2024-09-01 10:00:00
58000075,106,2024-09-01 10:00:00
58000075,94,2024-09-01 10:00:00
58000075,122,2024-09-01 10:00:00
58000076,3,2024-09-01 10:00:00
58000076,25,2024-09-01 10:00:00
58000076,78,2024-09-01 10:00:00
58000076,53,2024-09-01 10:00:00
58000076,102,2024-09-01 10:00:00
58000076,123,2024-09-01 10:00:00
58000077,15,2024-09-01 10:00:00
58000077,28,2024-09-01 10:00:00
58000077,47,2024-09-01 10:00:00
58000077,93,2024-09-01 10:00:00
58000077,122,2024-09-01 10:00:00
58000078,9,2024-09-01 10:00:00
58000078,23,2024-09-01 10:00:00
58000078,53,2024-09-01 10:00:00
58000078,89,2024-09-01 10:00:00
58000078,125,2024-09-01 10:00:00
58000079,13,2024-09-01 10:00:00
58000079,18,2024-09-01 10:00:00
58000079,76,2024-09-01 10:00:00
58000079,81,2024-09-01 10:00:00
58000079,115,2024-09-01 10:00:00
58000079,91,2024-09-01 10:00:00
58000079,123,2024-09-01 10:00:00
58000080,4,2024-09-01 10:00:00
58000080,36,2024-09-01 10:00:00
58000080,57,2024-09-01 10:00:00
58000080,110,2024-09-01 10:00:00
58000080,100,2024-09-01 10:00:00
58000080,126,2024-09-01 10:00:00
58000081,12,2024-09-01 10:00:00
58000081,28,2024-09-01 10:00:00
58000081,27,2024-09-01 10:00:00
58000081,54,2024-09-01 10:00:00
58000081,70,2024-09-01 10:00:00
58000081,98,2024-09-01 10:00:00
58000081,99,2024-09-01 10:00:00
58000081,127,2024-09-01 10:00:00
58000082,8,2024-09-01 10:00:00
58000082,23,2024-09-01 10:00:00
58000082,18,2024-09-01 10:00:00
58000082,53,2024-09-01 10:00:00
58000082,49,2024-09-01 10:00:00
58000082,63,2024-09-01 10:00:00
58000082,104,2024-09-01 10:00:00
58000082,91,2024-09-01 10:00:00
58000082,126,2024-09-01 10:00:00
58000083,4,2024-09-01 10:00:00
58000083,17,2024-09-01 10:00:00
58000083,47,2024-09-01 10:00:00
58000083,51,2024-09-01 10:00:00
58000083,66,2024-09-01 10:00:00
58000083,107,2024-09-01 10:00:00
58000083,109,2024-09-01 10:00:00
58000083,106,2024-09-01 10:00:00
58000083,123,2024-09-01 10:00:00
58000084,12,2024-09-01 10:00:00
58000084,40,2024-09-01 10:00:00
58000084,35,2024-09-01 10:00:00
58000084,22,2024-09-01 10:00:00
58000084,72,2024-09-01 10:00:00
58000084,110,2024-09-01 10:00:00
58000084,126,2024-09-01 10:00:00
58000085,15,2024-09-01 10:00:00
58000085,43,2024-09-01 10:00:00
58000085,85,2024-09-01 10:00:00
58000085,55,2024-09-01 10:00:00
58000085,111,2024-09-01 10:00:00
58000085,110,2024-09-01 10:00:00
58000085,123,2024-09-01 10:00:00
58000086,7,2024-09-01 10:00:00
58000086,27,2024-09-01 10:00:00
58000086,72,2024-09-01 10:00:00
58000086,58,2024-09-01 10:00:00
58000086,57,2024-09-01 10:00:00
58000086,115,2024-09-01 10:00:00
58000086,106,2024-09-01 10:00:00
58000086,125,2024-09-01 10:00:00
58000087,12,2024-09-01 10:00:00
58000087,30,2024-09-01 10:00:00
58000087,25,2024-09-01 10:00:00
58000087,58,2024-09-01 10:00:00
58000087,78,2024-09-01 10:00:00
58000087,91,2024-09-01 10:00:00
58000087,124,2024-09-01 10:00:00
58000088,1,2024-09-01 10:00:00
58000088,22,2024-09-01 10:00:00
58000088,32,2024-09-01 10:00:00
58000088,58,2024-09-01 10:00:00
58000088,52,2024-09-01 10:00:00
58000088,89,2024-09-01 10:00:00
58000088,127,2024-09-01 10:00:00
58000089,7,2024-09-01 10:00:00
58000089,26,2024-09-01 10:00:00
58000089,33,2024-09-01 10:00:00
58000089,78,2024-09-01 10:00:00
58000089,77,2024-09-01 10:00:00
58000089,58,2024-09-01 10:00:00
58000089,88,2024-09-01 10:00:00
58000089,125,2024-09-01 10:00:00
58000090,10,2024-09-01 10:00:00
58000090,32,2024-09-01 10:00:00
58000090,69,2024-09-01 10:00:00
58000090,61,2024-09-01 10:00:00
58000090,48,2024-09-01 10:00:00
58000090,91,2024-09-01 10:00:00
58000090,122,2024-09-01 10:00:00
58000091,4,2024-09-01 10:00:00
58000091,25,2024-09-01 10:00:00
58000091,50,2024-09-01 10:00:00
58000091,49,2024-09-01 10:00:00
58000091,77,2024-09-01 10:00:00
58000091,87,2024-09-01 10:00:00
58000091,120,2024-09-01 10:00:00
58000092,12,2024-09-01 10:00:00
58000092,20,2024-09-01 10:00:00
58000092,41,2024-09-01 10:00:00
58000092,28,2024-09-01 10:00:00
58000092,82,2024-09-01 10:00:00
58000092,62,2024-09-01 10:00:00
58000092,84,2024-09-01 10:00:00
58000092,103,2024-09-01 10:00:00
58000092,118,2024-09-01 10:00:00
58000093,10,2024-09-01 10:00:00
58000093,21,2024-09-01 10:00:00
58000093,27,2024-09-01 10:00:00
58000093,29,2024-09-01 10:00:00
58000093,84,2024-09-01 10:00:00
58000093,69,2024-09-01 10:00:00
58000093,94,2024-09-01 10:00:00
58000093,114,2024-09-01 10:00:00
58000093,123,2024-09-01 10:00:00
58000094,2,2024-09-01 10:00:00
58000094,28,2024-09-01 10:00:00
58000094,57,2024-09-01 10:00:00
58000094,74,2024-09-01 10:00:00
58000094,54,2024-09-01 10:00:00
58000094,86,2024-09-01 10:00:00
58000094,107,2024-09-01 10:00:00
58000094,100,2024-09-01 10:00:00
58000094,118,2024-09-01 10:00:00
58000095,6,2024-09-01 10:00:00
58000095,46,2024-09-01 10:00:00
58000095,63,2024-09-01 10:00:00
58000095,74,2024-09-01 10:00:00
58000095,88,2024-09-01 10:00:00
58000095,110,2024-09-01 10:00:00
58000095,93,2024-09-01 10:00:00
58000095,120,2024-09-01 10:00:00
58000096,14,2024-09-01 10:00:00
58000096,31,2024-09-01 10:00:00
58000096,45,2024-09-01 10:00:00
58000096,44,2024-09-01 10:00:00
58000096,58,2024-09-01 10:00:00
58000096,75,2024-09-01 10:00:00
58000096,110,2024-09-01 10:00:00
58000096,86,2024-09-01 10:00:00
58000096,102,2024-09-01 10:00:00
58000096,116,2024-09-01 10:00:00
58000097,16,2024-09-01 10:00:00
58000097,34,2024-09-01 10:00:00
58000097,53,2024-09-01 10:00:00
58000097,74,2024-09-01 10:00:00
58000097,115,2024-09-01 10:00:00
58000097,105,2024-09-01 10:00:00
58000097,126,2024-09-01 10:00:00
58000098,8,2024-09-01 10:00:00
58000098,19,2024-09-01 10:00:00
58000098,80,2024-09-01 10:00:00
58000098,72,2024-09-01 10:00:00
58000098,114,2024-09-01 10:00:00
58000098,92,2024-09-01 10:00:00
58000098,126,2024-09-01 10:00:00
58000099,12,2024-09-01 10:00:00
58000099,28,2024-09-01 10:00:00
58000099,27,2024-09-01 10:00:00
58000099,63,2024-09-01 10:00:00
58000099,100,2024-09-01 10:00:00
58000099,99,2024-09-01 10:00:00
58000099,101,2024-09-01 10:00:00
58000099,127,2024-09-01 10:00:00
58000100,14,2024-09-01 10:00:00
58000100,29,2024-09-01 10:00:00
58000100,34,2024-09-01 10:00:00
58000100,82,2024-09-01 10:00:00
58000100,80,2024-09-01 10:00:00
58000100,90,2024-09-01 10:00:00
58000100,91,2024-09-01 10:00:00
58000100,104,2024-09-01 10:00:00
58000100,126,2024-09-01 10:00:00
58000101,11,2024-09-01 10:00:00
58000101,40,2024-09-01 10:00:00
58000101,64,2024-09-01 10:00:00
58000101,101,2024-09-01 10:00:00
58000101,110,2024-09-01 10:00:00
58000101,95,2024-09-01 10:00:00
58000101,116,2024-09-01 10:00:00
58000102,9,2024-09-01 10:00:00
58000102,29,2024-09-01 10:00:00
58000102,27,2024-09-01 10:00:00
58000102,28,2024-09-01 10:00:00
58000102,47,2024-09-01 10:00:00
58000102,59,2024-09-01 10:00:00
58000102,97,2024-09-01 10:00:00
58000102,91,2024-09-01 10:00:00
58000102,94,2024-09-01 10:00:00
58000102,118,2024-09-01 10:00:00
58000103,11,2024-09-01 10:00:00
58000103,23,2024-09-01 10:00:00
58000103,52,2024-09-01 10:00:00
58000103,56,2024-09-01 10:00:00
58000103,54,2024-09-01 10:00:00
58000103,96,2024-09-01 10:00:00
58000103,116,2024-09-01 10:00:00
58000104,1,2024-09-01 10:00:00
58000104,40,2024-09-01 10:00:00
58000104,20,2024-09-01 10:00:00
58000104,61,2024-09-01 10:00:00
58000104,78,2024-09-01 10:00:00
58000104,105,2024-09-01 10:00:00
58000104,88,2024-09-01 10:00:00
58000104,119,2024-09-01 10:00:00
58000105,13,2024-09-01 10:00:00
58000105,19,2024-09-01 10:00:00
58000105,41,2024-09-01 10:00:00
58000105,27,2024-09-01 10:00:00
58000105,52,2024-09-01 10:00:00
58000105,62,2024-09-01 10:00:00
58000105,93,2024-09-01 10:00:00
58000105,121,2024-09-01 10:00:00
58000106,13,2024-09-01 10:00:00
58000106,44,2024-09-01 10:00:00
58000106,48,2024-09-01 10:00:00
58000106,70,2024-09-01 10:00:00
58000106,96,2024-09-01 10:00:00
58000106,88,2024-09-01 10:00:00
58000106,92,2024-09-01 10:00:00
58000106,124,2024-09-01 10:00:00
58000107,8,2024-09-01 10:00:00
58000107,27,2024-09-01 10:00:00
58000107,34,2024-09-01 10:00:00
58000107,18,2024-09-01 10:00:00
58000107,52,2024-09-01 10:00:00
58000107,87,2024-09-01 10:00:00
58000107,92,2024-09-01 10:00:00
58000107,125,2024-09-01 10:00:00
58000108,10,2024-09-01 10:00:00
58000108,36,2024-09-01 10:00:00
58000108,60,2024-09-01 10:00:00
58000108,108,2024-09-01 10:00:00
58000108,94,2024-09-01 10:00:00
58000108,124,2024-09-01 10:00:00
58000109,11,2024-09-01 10:00:00
58000109,46,2024-09-01 10:00:00
58000109,44,2024-09-01 10:00:00
58000109,36,2024-09-01 10:00:00
58000109,76,2024-09-01 10:00:00
58000109,109,2024-09-01 10:00:00
58000109,101,2024-09-01 10:00:00
58000109,124,2024-09-01 10:00:00
58000110,2,2024-09-01 10:00:00
58000110,43,2024-09-01 10:00:00
58000110,77,2024-09-01 10:00:00
58000110,49,2024-09-01 10:00:00
58000110,103,2024-09-01 10:00:00
58000110,97,2024-09-01 10:00:00
58000110,99,2024-09-01 10:00:00
58000110,122,2024-09-01 10:00:00
58000111,13,2024-09-01 10:00:00
58000111,29,2024-09-01 10:00:00
58000111,32,2024-09-01 10:00:00
58000111,59,2024-09-01 10:00:00
58000111,113,2024-09-01 10:00:00
58000111,119,2024-09-01 10:00:00
58000112,6,2024-09-01 10:00:00
58000112,46,2024-09-01 10:00:00
58000112,40,2024-09-01 10:00:00
58000112,75,2024-09-01 10:00:00
58000112,90,2024-09-01 10:00:00
58000112,122,2024-09-01 10:00:00
58000113,4,2024-09-01 10:00:00
58000113,32,2024-09-01 10:00:00
58000113,44,2024-09-01 10:00:00
58000113,27,2024-09-01 10:00:00
58000113,85,2024-09-01 10:00:00
58000113,61,2024-09-01 10:00:00
58000113,66,2024-09-01 10:00:00
58000113,95,2024-09-01 10:00:00
58000113,120,2024-09-01 10:00:00
58000114,7,2024-09-01 10:00:00
58000114,20,2024-09-01 10:00:00
58000114,61,2024-09-01 10:00:00
58000114,110,2024-09-01 10:00:00
58000114,119,2024-09-01 10:00:00
58000115,13,2024-09-01 10:00:00
58000115,26,2024-09-01 10:00:00
58000115,32,2024-09-01 10:00:00
58000115,29,2024-09-01 10:00:00
58000115,63,2024-09-01 10:00:00
58000115,94,2024-09-01 10:00:00
58000115,118,2024-09-01 10:00:00
58000116,6,2024-09-01 10:00:00
58000116,25,2024-09-01 10:00:00
58000116,81,2024-09-01 10:00:00
58000116,97,2024-09-01 10:00:00
58000116,119,2024-09-01 10:00:00
58000117,10,2024-09-01 10:00:00
58000117,37,2024-09-01 10:00:00
58000117,77,2024-09-01 10:00:00
58000117,76,2024-09-01 10:00:00
58000117,108,2024-09-01 10:00:00
58000117,92,2024-09-01 10:00:00
58000117,125,2024-09-01 10:00:00
58000118,11,2024-09-01 10:00:00
58000118,32,2024-09-01 10:00:00
58000118,63,2024-09-01 10:00:00
58000118,81,2024-09-01 10:00:00
58000118,56,2024-09-01 10:00:00
58000118,101,2024-09-01 10:00:00
58000118,126,2024-09-01 10:00:00
58000119,14,2024-09-01 10:00:00
58000119,21,2024-09-01 10:00:00
58000119,65,2024-09-01 10:00:00
58000119,109,2024-09-01 10:00:00
58000119,90,2024-09-01 10:00:00
58000119,116,2024-09-01 10:00:00
58000120,11,2024-09-01 10:00:00
58000120,34,2024-09-01 10:00:00
58000120,63,2024-09-01 10:00:00
58000120,84,2024-09-01 10:00:00
58000120,51,2024-09-01 10:00:00
58000120,112,2024-09-01 10:00:00
58000120,109,2024-09-01 10:00:00
58000120,118,2024-09-01 10:00:00
58000121,12,2024-09-01 10:00:00
58000121,44,2024-09-01 10:00:00
58000121,48,2024-09-01 10:00:00
58000121,73,2024-09-01 10:00:00
58000121,97,2024-09-01 10:00:00
58000121,104,2024-09-01 10:00:00
58000121,120,2024-09-01 10:00:00
58000122,8,2024-09-01 10:00:00
58000122,37,2024-09-01 10:00:00
58000122,18,2024-09-01 10:00:00
58000122,58,2024-09-01 10:00:00
58000122,89,2024-09-01 10:00:00
58000122,92,2024-09-01 10:00:00
58000122,94,2024-09-01 10:00:00
58000122,121,2024-09-01 10:00:00
58000123,10,2024-09-01 10:00:00
58000123,19,2024-09-01 10:00:00
58000123,23,2024-09-01 10:00:00
58000123,83,2024-09-01 10:00:00
58000123,48,2024-09-01 10:00:00
58000123,76,2024-09-01 10:00:00
58000123,107,2024-09-01 10:00:00
58000123,121,2024-09-01 10:00:00
58000124,5,2024-09-01 10:00:00
58000124,30,2024-09-01 10:00:00
58000124,42,2024-09-01 10:00:00
58000124,28,2024-09-01 10:00:00
58000124,49,2024-09-01 10:00:00
58000124,60,2024-09-01 10:00:00
58000124,65,2024-09-01 10:00:00
58000124,115,2024-09-01 10:00:00
58000124,90,2024-09-01 10:00:00
58000124,104,2024-09-01 10:00:00
58000124,116,2024-09-01 10:00:00
58000125,2,2024-09-01 10:00:00
58000125,43,2024-09-01 10:00:00
58000125,79,2024-09-01 10:00:00
58000125,56,2024-09-01 10:00:00
58000125,114,2024-09-01 10:00:00
58000125,121,2024-09-01 10:00:00
58000126,12,2024-09-01 10:00:00
58000126,35,2024-09-01 10:00:00
58000126,21,2024-09-01 10:00:00
58000126,23,2024-09-01 10:00:00
58000126,68,2024-09-01 10:00:00
58000126,80,2024-09-01 10:00:00
58000126,100,2024-09-01 10:00:00
58000126,127,2024-09-01 10:00:00
58000127,13,2024-09-01 10:00:00
58000127,44,2024-09-01 10:00:00
58000127,19,2024-09-01 10:00:00
58000127,84,2024-09-01 10:00:00
58000127,65,2024-09-01 10:00:00
58000127,108,2024-09-01 10:00:00
58000127,112,2024-09-01 10:00:00
58000127,119,2024-09-01 10:00:00
58000128,4,2024-09-01 10:00:00
58000128,26,2024-09-01 10:00:00
58000128,29,2024-09-01 10:00:00
58000128,67,2024-09-01 10:00:00
58000128,54,2024-09-01 10:00:00
58000128,55,2024-09-01 10:00:00
58000128,88,2024-09-01 10:00:00
58000128,126,2024-09-01 10:00:00
58000129,11,2024-09-01 10:00:00
58000129,40,2024-09-01 10:00:00
58000129,41,2024-09-01 10:00:00
58000129,73,2024-09-01 10:00:00
58000129,55,2024-09-01 10:00:00
58000129,74,2024-09-01 10:00:00
58000129,111,2024-09-01 10:00:00
58000129,127,2024-09-01 10:00:00
58000130,14,2024-09-01 10:00:00
58000130,39,2024-09-01 10:00:00
58000130,30,2024-09-01 10:00:00
58000130,55,2024-09-01 10:00:00
58000130,64,2024-09-01 10:00:00
58000130,57,2024-09-01 10:00:00
58000130,105,2024-09-01 10:00:00
58000130,94,2024-09-01 10:00:00
58000130,123,2024-09-01 10:00:00
58000131,2,2024-09-01 10:00:00
58000131,45,2024-09-01 10:00:00
58000131,75,2024-09-01 10:00:00
58000131,63,2024-09-01 10:00:00
58000131,90,2024-09-01 10:00:00
58000131,95,2024-09-01 10:00:00
58000131,119,2024-09-01 10:00:00
58000132,13,2024-09-01 10:00:00
58000132,26,2024-09-01 10:00:00
58000132,56,2024-09-01 10:00:00
58000132,62,2024-09-01 10:00:00
58000132,113,2024-09-01 10:00:00
58000132,87,2024-09-01 10:00:00
58000132,95,2024-09-01 10:00:00
58000132,122,2024-09-01 10:00:00
58000133,5,2024-09-01 10:00:00
58000133,17,2024-09-01 10:00:00
58000133,74,2024-09-01 10:00:00
58000133,62,2024-09-01 10:00:00
58000133,67,2024-09-01 10:00:00
58000133,107,2024-09-01 10:00:00
58000133,113,2024-09-01 10:00:00
58000133,123,2024-09-01 10:00:00
58000134,13,2024-09-01 10:00:00
58000134,25,2024-09-01 10:00:00
58000134,44,2024-09-01 10:00:00
58000134,50,2024-09-01 10:00:00
58000134,60,2024-09-01 10:00:00
58000134,97,2024-09-01 10:00:00
58000134,99,2024-09-01 10:00:00
58000134,122,2024-09-01 10:00:00
58000135,14,2024-09-01 10:00:00
58000135,43,2024-09-01 10:00:00
58000135,74,2024-09-01 10:00:00
58000135,87,2024-09-01 10:00:00
58000135,110,2024-09-01 10:00:00
58000135,89,2024-09-01 10:00:00
58000135,122,2024-09-01 10:00:00
58000136,1,2024-09-01 10:00:00
58000136,32,2024-09-01 10:00:00
58000136,79,2024-09-01 10:00:00
58000136,51,2024-09-01 10:00:00
58000136,66,2024-09-01 10:00:00
58000136,113,2024-09-01 10:00:00
58000136,95,2024-09-01 10:00:00
58000136,112,2024-09-01 10:00:00
58000136,117,2024-09-01 10:00:00
58000137,15,2024-09-01 10:00:00
58000137,27,2024-09-01 10:00:00
58000137,31,2024-09-01 10:00:00
58000137,17,2024-09-01 10:00:00
58000137,73,2024-09-01 10:00:00
58000137,48,2024-09-01 10:00:00
58000137,50,2024-09-01 10:00:00
58000137,108,2024-09-01 10:00:00
58000137,93,2024-09-01 10:00:00
58000137,106,2024-09-01 10:00:00
58000137,122,2024-09-01 10:00:00
58000138,14,2024-09-01 10:00:00
58000138,18,2024-09-01 10:00:00
58000138,59,2024-09-01 10:00:00
58000138,80,2024-09-01 10:00:00
58000138,49,2024-09-01 10:00:00
58000138,98,2024-09-01 10:00:00
58000138,91,2024-09-01 10:00:00
58000138,106,2024-09-01 10:00:00
58000138,116,2024-09-01 10:00:00
58000139,11,2024-09-01 10:00:00
58000139,24,2024-09-01 10:00:00
58000139,44,2024-09-01 10:00:00
58000139,37,2024-09-01 10:00:00
58000139,69,2024-09-01 10:00:00
58000139,111,2024-09-01 10:00:00
58000139,93,2024-09-01 10:00:00
58000139,116,2024-09-01 10:00:00
58000140,14,2024-09-01 10:00:00
58000140,44,2024-09-01 10:00:00
58000140,35,2024-09-01 10:00:00
58000140,79,2024-09-01 10:00:00
58000140,53,2024-09-01 10:00:00
58000140,108,2024-09-01 10:00:00
58000140,123,2024-09-01 10:00:00
58000141,11,2024-09-01 10:00:00
58000141,28,2024-09-01 10:00:00
58000141,22,2024-09-01 10:00:00
58000141,74,2024-09-01 10:00:00
58000141,104,2024-09-01 10:00:00
58000141,105,2024-09-01 10:00:00
58000141,124,2024-09-01 10:00:00
58000142,12,2024-09-01 10:00:00
58000142,33,2024-09-01 10:00:00
58000142,25,2024-09-01 10:00:00
58000142,47,2024-09-01 10:00:00
58000142,76,2024-09-01 10:00:00
58000142,61,2024-09-01 10:00:00
58000142,86,2024-09-01 10:00:00
58000142,114,2024-09-01 10:00:00
58000142,120,2024-09-01 10:00:00
58000143,15,2024-09-01 10:00:00
58000143,35,2024-09-01 10:00:00
58000143,42,2024-09-01 10:00:00
58000143,37,2024-09-01 10:00:00
58000143,80,2024-09-01 10:00:00
58000143,69,2024-09-01 10:00:00
58000143,50,2024-09-01 10:00:00
58000143,87,2024-09-01 10:00:00
58000143,116,2024-09-01 10:00:00
58000144,16,2024-09-01 10:00:00
58000144,34,2024-09-01 10:00:00
58000144,76,2024-09-01 10:00:00
58000144,78,2024-09-01 10:00:00
58000144,67,2024-09-01 10:00:00
58000144,98,2024-09-01 10:00:00
58000144,102,2024-09-01 10:00:00
58000144,127,2024-09-01 10:00:00
58000145,16,2024-09-01 10:00:00
58000145,38,2024-09-01 10:00:00
58000145,27,2024-09-01 10:00:00
58000145,53,2024-09-01 10:00:00
58000145,74,2024-09-01 10:00:00
58000145,73,2024-09-01 10:00:00
58000145,90,2024-09-01 10:00:00
58000145,118,2024-09-01 10:00:00
58000146,1,2024-09-01 10:00:00
58000146,31,2024-09-01 10:00:00
58000146,19,2024-09-01 10:00:00
58000146,39,2024-09-01 10:00:00
58000146,73,2024-09-01 10:00:00
58000146,104,2024-09-01 10:00:00
58000146,117,2024-09-01 10:00:00
58000147,14,2024-09-01 10:00:00
58000147,27,2024-09-01 10:00:00
58000147,31,2024-09-01 10:00:00
58000147,85,2024-09-01 10:00:00
58000147,61,2024-09-01 10:00:00
58000147,52,2024-09-01 10:00:00
58000147,98,2024-09-01 10:00:00
58000147,105,2024-09-01 10:00:00
58000147,99,2024-09-01 10:00:00
58000147,127,2024-09-01 10:00:00
58000148,1,2024-09-01 10:00:00
58000148,34,2024-09-01 10:00:00
58000148,43,2024-09-01 10:00:00
58000148,37,2024-09-01 10:00:00
58000148,78,2024-09-01 10:00:00
58000148,113,2024-09-01 10:00:00
58000148,92,2024-09-01 10:00:00
58000148,110,2024-09-01 10:00:00
58000148,117,2024-09-01 10:00:00
58000149,15,2024-09-01 10:00:00
58000149,43,2024-09-01 10:00:00
58000149,19,2024-09-01 10:00:00
58000149,68,2024-09-01 10:00:00
58000149,49,2024-09-01 10:00:00
58000149,103,2024-09-01 10:00:00
58000149,121,2024-09-01 10:00:00
58000150,8,2024-09-01 10:00:00
58000150,46,2024-09-01 10:00:00
58000150,74,2024-09-01 10:00:00
58000150,65,2024-09-01 10:00:00
58000150,90,2024-09-01 10:00:00
58000150,110,2024-09-01 10:00:00
58000150,97,2024-09-01 10:00:00
58000150,119,2024-09-01 10:00:00
58000151,5,2024-09-01 10:00:00
58000151,32,2024-09-01 10:00:00
58000151,83,2024-09-01 10:00:00
58000151,75,2024-09-01 10:00:00
58000151,109,2024-09-01 10:00:00
58000151,120,2024-09-01 10:00:00
58000152,16,2024-09-01 10:00:00
58000152,22,2024-09-01 10:00:00
58000152,37,2024-09-01 10:00:00
58000152,84,2024-09-01 10:00:00
58000152,58,2024-09-01 10:00:00
58000152,57,2024-09-01 10:00:00
58000152,99,2024-09-01 10:00:00
58000152,115,2024-09-01 10:00:00
58000152,87,2024-09-01 10:00:00
58000152,125,2024-09-01 10:00:00
58000153,14,2024-09-01 10:00:00
58000153,34,2024-09-01 10:00:00
58000153,69,2024-09-01 10:00:00
58000153,109,2024-09-01 10:00:00
58000153,97,2024-09-01 10:00:00
58000153,122,2024-09-01 10:00:00
58000154,8,2024-09-01 10:00:00
58000154,24,2024-09-01 10:00:00
58000154,31,2024-09-01 10:00:00
58000154,30,2024-09-01 10:00:00
58000154,51,2024-09-01 10:00:00
58000154,64,2024-09-01 10:00:00
58000154,101,2024-09-01 10:00:00
58000154,124,2024-09-01 10:00:00
58000155,9,2024-09-01 10:00:00
58000155,32,2024-09-01 10:00:00
58000155,33,2024-09-01 10:00:00
58000155,37,2024-09-01 10:00:00
58000155,72,2024-09-01 10:00:00
58000155,71,2024-09-01 10:00:00
58000155,115,2024-09-01 10:00:00
58000155,110,2024-09-01 10:00:00
58000155,108,2024-09-01 10:00:00
58000155,116,2024-09-01 10:00:00
58000156,12,2024-09-01 10:00:00
58000156,34,2024-09-01 10:00:00
58000156,35,2024-09-01 10:00:00
58000156,79,2024-09-01 10:00:00
58000156,47,2024-09-01 10:00:00
58000156,69,2024-09-01 10:00:00
58000156,100,2024-09-01 10:00:00
58000156,108,2024-09-01 10:00:00
58000156,90,2024-09-01 10:00:00
58000156,119,2024-09-01 10:00:00
58000157,12,2024-09-01 10:00:00
58000157,18,2024-09-01 10:00:00
58000157,62,2024-09-01 10:00:00
58000157,57,2024-09-01 10:00:00
58000157,114,2024-09-01 10:00:00
58000157,119,2024-09-01 10:00:00
58000158,7,2024-09-01 10:00:00
58000158,33,2024-09-01 10:00:00
58000158,53,2024-09-01 10:00:00
58000158,82,2024-09-01 10:00:00
58000158,50,2024-09-01 10:00:00
58000158,96,2024-09-01 10:00:00
58000158,100,2024-09-01 10:00:00
58000158,123,2024-09-01 10:00:00
58000159,1,2024-09-01 10:00:00
58000159,29,2024-09-01 10:00:00
58000159,18,2024-09-01 10:00:00
58000159,46,2024-09-01 10:00:00
58000159,53,2024-09-01 10:00:00
58000159,109,2024-09-01 10:00:00
58000159,119,2024-09-01 10:00:00
58000160,6,2024-09-01 10:00:00
58000160,19,2024-09-01 10:00:00
58000160,82,2024-09-01 10:00:00
58000160,65,2024-09-01 10:00:00
58000160,114,2024-09-01 10:00:00
58000160,123,2024-09-01 10:00:00
58000161,5,2024-09-01 10:00:00
58000161,45,2024-09-01 10:00:00
58000161,31,2024-09-01 10:00:00
58000161,23,2024-09-01 10:00:00
58000161,82,2024-09-01 10:00:00
58000161,76,2024-09-01 10:00:00
58000161,87,2024-09-01 10:00:00
58000161,88,2024-09-01 10:00:00
58000161,123,2024-09-01 10:00:00
58000162,3,2024-09-01 10:00:00
58000162,45,2024-09-01 10:00:00
58000162,19,2024-09-01 10:00:00
58000162,35,2024-09-01 10:00:00
58000162,81,2024-09-01 10:00:00
58000162,57,2024-09-01 10:00:00
58000162,96,2024-09-01 10:00:00
58000162,86,2024-09-01 10:00:00
58000162,120,2024-09-01 10:00:00
58000163,11,2024-09-01 10:00:00
58000163,17,2024-09-01 10:00:00
58000163,24,2024-09-01 10:00:00
58000163,22,2024-09-01 10:00:00
58000163,48,2024-09-01 10:00:00
58000163,56,2024-09-01 10:00:00
58000163,102,2024-09-01 10:00:00
58000163,93,2024-09-01 10:00:00
58000163,95,2024-09-01 10:00:00
58000163,126,2024-09-01 10:00:00
58000164,7,2024-09-01 10:00:00
58000164,26,2024-09-01 10:00:00
58000164,41,2024-09-01 10:00:00
58000164,32,2024-09-01 10:00:00
58000164,85,2024-09-01 10:00:00
58000164,51,2024-09-01 10:00:00
58000164,52,2024-09-01 10:00:00
58000164,103,2024-09-01 10:00:00
58000164,117,2024-09-01 10:00:00
58000165,2,2024-09-01 10:00:00
58000165,46,2024-09-01 10:00:00
58000165,40,2024-09-01 10:00:00
58000165,62,2024-09-01 10:00:00
58000165,79,2024-09-01 10:00:00
58000165,107,2024-09-01 10:00:00
58000165,124,2024-09-01 10:00:00
58000166,11,2024-09-01 10:00:00
58000166,45,2024-09-01 10:00:00
58000166,27,2024-09-01 10:00:00
58000166,33,2024-09-01 10:00:00
58000166,67,2024-09-01 10:00:00
58000166,61,2024-09-01 10:00:00
58000166,86,2024-09-01 10:00:00
58000166,126,2024-09-01 10:00:00
58000167,13,2024-09-01 10:00:00
58000167,45,2024-09-01 10:00:00
58000167,39,2024-09-01 10:00:00
58000167,19,2024-09-01 10:00:00
58000167,53,2024-09-01 10:00:00
58000167,57,2024-09-01 10:00:00
58000167,54,2024-09-01 10:00:00
58000167,92,2024-09-01 10:00:00
58000167,114,2024-09-01 10:00:00
58000167,113,2024-09-01 10:00:00
58000167,126,2024-09-01 10:00:00
58000168,7,2024-09-01 10:00:00
58000168,30,2024-09-01 10:00:00
58000168,33,2024-09-01 10:00:00
58000168,26,2024-09-01 10:00:00
58000168,61,2024-09-01 10:00:00
58000168,99,2024-09-01 10:00:00
58000168,94,2024-09-01 10:00:00
58000168,124,2024-09-01 10:00:00
58000169,5,2024-09-01 10:00:00
58000169,39,2024-09-01 10:00:00
58000169,83,2024-09-01 10:00:00
58000169,61,2024-09-01 10:00:00
58000169,115,2024-09-01 10:00:00
58000169,96,2024-09-01 10:00:00
58000169,117,2024-09-01 10:00:00
58000170,13,2024-09-01 10:00:00
58000170,41,2024-09-01 10:00:00
58000170,29,2024-09-01 10:00:00
58000170,77,2024-09-01 10:00:00
58000170,52,2024-09-01 10:00:00
58000170,110,2024-09-01 10:00:00
58000170,119,2024-09-01 10:00:00
58000171,1,2024-09-01 10:00:00
58000171,19,2024-09-01 10:00:00
58000171,26,2024-09-01 10:00:00
58000171,52,2024-09-01 10:00:00
58000171,72,2024-09-01 10:00:00
58000171,60,2024-09-01 10:00:00
58000171,113,2024-09-01 10:00:00
58000171,118,2024-09-01 10:00:00
58000172,8,2024-09-01 10:00:00
58000172,42,2024-09-01 10:00:00
58000172,19,2024-09-01 10:00:00
58000172,32,2024-09-01 10:00:00
58000172,61,2024-09-01 10:00:00
58000172,97,2024-09-01 10:00:00
58000172,109,2024-09-01 10:00:00
58000172,111,2024-09-01 10:00:00
58000172,125,2024-09-01 10:00:00
58000173,2,2024-09-01 10:00:00
58000173,41,2024-09-01 10:00:00
58000173,62,2024-09-01 10:00:00
58000173,54,2024-09-01 10:00:00
58000173,80,2024-09-01 10:00:00
58000173,114,2024-09-01 10:00:00
58000173,87,2024-09-01 10:00:00
58000173,122,2024-09-01 10:00:00
58000174,4,2024-09-01 10:00:00
58000174,23,2024-09-01 10:00:00
58000174,77,2024-09-01 10:00:00
58000174,71,2024-09-01 10:00:00
58000174,109,2024-09-01 10:00:00
58000174,118,2024-09-01 10:00:00
58000175,4,2024-09-01 10:00:00
58000175,32,2024-09-01 10:00:00
58000175,34,2024-09-01 10:00:00
58000175,62,2024-09-01 10:00:00
58000175,96,2024-09-01 10:00:00
58000175,121,2024-09-01 10:00:00
58000176,1,2024-09-01 10:00:00
58000176,42,2024-09-01 10:00:00
58000176,54,2024-09-01 10:00:00
58000176,71,2024-09-01 10:00:00
58000176,61,2024-09-01 10:00:00
58000176,102,2024-09-01 10:00:00
58000176,118,2024-09-01 10:00:00
58000177,8,2024-09-01 10:00:00
58000177,38,2024-09-01 10:00:00
58000177,81,2024-09-01 10:00:00
58000177,73,2024-09-01 10:00:00
58000177,98,2024-09-01 10:00:00
58000177,109,2024-09-01 10:00:00
58000177,123,2024-09-01 10:00:00
58000178,8,2024-09-01 10:00:00
58000178,30,2024-09-01 10:00:00
58000178,23,2024-09-01 10:00:00
58000178,71,2024-09-01 10:00:00
58000178,72,2024-09-01 10:00:00
58000178,79,2024-09-01 10:00:00
58000178,97,2024-09-01 10:00:00
58000178,117,2024-09-01 10:00:00
58000179,5,2024-09-01 10:00:00
58000179,45,2024-09-01 10:00:00
58000179,46,2024-09-01 10:00:00
58000179,43,2024-09-01 10:00:00
58000179,83,2024-09-01 10:00:00
58000179,53,2024-09-01 10:00:00
58000179,106,2024-09-01 10:00:00
58000179,97,2024-09-01 10:00:00
58000179,125,2024-09-01 10:00:00
58000180,9,2024-09-01 10:00:00
58000180,33,2024-09-01 10:00:00
58000180,73,2024-09-01 10:00:00
58000180,99,2024-09-01 10:00:00
58000180,126,2024-09-01 10:00:00
58000181,5,2024-09-01 10:00:00
58000181,23,2024-09-01 10:00:00
58000181,49,2024-09-01 10:00:00
58000181,65,2024-09-01 10:00:00
58000181,98,2024-09-01 10:00:00
58000181,87,2024-09-01 10:00:00
58000181,117,2024-09-01 10:00:00
58000182,16,2024-09-01 10:00:00
58000182,42,2024-09-01 10:00:00
58000182,54,2024-09-01 10:00:00
58000182,84,2024-09-01 10:00:00
58000182,102,2024-09-01 10:00:00
58000182,106,2024-09-01 10:00:00
58000182,123,2024-09-01 10:00:00
58000183,1,2024-09-01 10:00:00
58000183,25,2024-09-01 10:00:00
58000183,42,2024-09-01 10:00:00
58000183,40,2024-09-01 10:00:00
58000183,69,2024-09-01 10:00:00
58000183,73,2024-09-01 10:00:00
58000183,83,2024-09-01 10:00:00
58000183,101,2024-09-01 10:00:00
58000183,118,2024-09-01 10:00:00
58000184,13,2024-09-01 10:00:00
58000184,23,2024-09-01 10:00:00
58000184,51,2024-09-01 10:00:00
58000184,115,2024-09-01 10:00:00
58000184,93,2024-09-01 10:00:00
58000184,127,2024-09-01 10:00:00
58000185,2,2024-09-01 10:00:00
58000185,30,2024-09-01 10:00:00
58000185,33,2024-09-01 10:00:00
58000185,82,2024-09-01 10:00:00
58000185,99,2024-09-01 10:00:00
58000185,102,2024-09-01 10:00:00
58000185,88,2024-09-01 10:00:00
58000185,118,2024-09-01 10:00:00
58000186,11,2024-09-01 10:00:00
58000186,29,2024-09-01 10:00:00
58000186,38,2024-09-01 10:00:00
58000186,45,2024-09-01 10:00:00
58000186,71,2024-09-01 10:00:00
58000186,89,2024-09-01 10:00:00
58000186,95,2024-09-01 10:00:00
58000186,126,2024-09-01 10:00:00
58000187,6,2024-09-01 10:00:00
58000187,37,2024-09-01 10:00:00
58000187,46,2024-09-01 10:00:00
58000187,31,2024-09-01 10:00:00
58000187,53,2024-09-01 10:00:00
58000187,92,2024-09-01 10:00:00
58000187,115,2024-09-01 10:00:00
58000187,93,2024-09-01 10:00:00
58000187,123,2024-09-01 10:00:00
58000188,10,2024-09-01 10:00:00
58000188,27,2024-09-01 10:00:00
58000188,17,2024-09-01 10:00:00
58000188,18,2024-09-01 10:00:00
58000188,64,2024-09-01 10:00:00
58000188,48,2024-09-01 10:00:00
58000188,91,2024-09-01 10:00:00
58000188,104,2024-09-01 10:00:00
58000188,96,2024-09-01 10:00:00
58000188,118,2024-09-01 10:00:00
58000189,14,2024-09-01 10:00:00
58000189,36,2024-09-01 10:00:00
58000189,82,2024-09-01 10:00:00
58000189,86,2024-09-01 10:00:00
58000189,124,2024-09-01 10:00:00
58000190,2,2024-09-01 10:00:00
58000190,20,2024-09-01 10:00:00
58000190,41,2024-09-01 10:00:00
58000190,82,2024-09-01 10:00:00
58000190,81,2024-09-01 10:00:00
58000190,89,2024-09-01 10:00:00
58000190,94,2024-09-01 10:00:00
58000190,125,2024-09-01 10:00:00
58000191,3,2024-09-01 10:00:00
58000191,27,2024-09-01 10:00:00
58000191,28,2024-09-01 10:00:00
58000191,72,2024-09-01 10:00:00
58000191,84,2024-09-01 10:00:00
58000191,73,2024-09-01 10:00:00
58000191,91,2024-09-01 10:00:00
58000191,120,2024-09-01 10:00:00
58000192,14,2024-09-01 10:00:00
58000192,33,2024-09-01 10:00:00
58000192,35,2024-09-01 10:00:00
58000192,48,2024-09-01 10:00:00
58000192,105,2024-09-01 10:00:00
58000192,87,2024-09-01 10:00:00
58000192,123,2024-09-01 10:00:00
58000193,13,2024-09-01 10:00:00
58000193,44,2024-09-01 10:00:00
58000193,37,2024-09-01 10:00:00
58000193,63,2024-09-01 10:00:00
58000193,93,2024-09-01 10:00:00
58000193,109,2024-09-01 10:00:00
58000193,108,2024-09-01 10:00:00
58000193,119,2024-09-01 10:00:00
58000194,8,2024-09-01 10:00:00
58000194,41,2024-09-01 10:00:00
58000194,59,2024-09-01 10:00:00
58000194,64,2024-09-01 10:00:00
58000194,103,2024-09-01 10:00:00
58000194,118,2024-09-01 10:00:00
58000195,7,2024-09-01 10:00:00
58000195,23,2024-09-01 10:00:00
58000195,39,2024-09-01 10:00:00
58000195,79,2024-09-01 10:00:00
58000195,52,2024-09-01 10:00:00
58000195,113,2024-09-01 10:00:00
58000195,87,2024-09-01 10:00:00
58000195,117,2024-09-01 10:00:00
58000196,8,2024-09-01 10:00:00
58000196,44,2024-09-01 10:00:00
58000196,78,2024-09-01 10:00:00
58000196,85,2024-09-01 10:00:00
58000196,88,2024-09-01 10:00:00
58000196,122,2024-09-01 10:00:00
58000197,10,2024-09-01 10:00:00
58000197,43,2024-09-01 10:00:00
58000197,26,2024-09-01 10:00:00
58000197,29,2024-09-01 10:00:00
58000197,85,2024-09-01 10:00:00
58000197,98,2024-09-01 10:00:00
58000197,119,2024-09-01 10:00:00
58000198,10,2024-09-01 10:00:00
58000198,37,2024-09-01 10:00:00
58000198,55,2024-09-01 10:00:00
58000198,74,2024-09-01 10:00:00
58000198,77,2024-09-01 10:00:00
58000198,113,2024-09-01 10:00:00
58000198,124,2024-09-01 10:00:00
58000199,8,2024-09-01 10:00:00
58000199,41,2024-09-01 10:00:00
58000199,65,2024-09-01 10:00:00
58000199,74,2024-09-01 10:00:00
58000199,58,2024-09-01 10:00:00
58000199,87,2024-09-01 10:00:00
58000199,117,2024-09-01 10:00:00
58000200,9,2024-09-01 10:00:00
58000200,34,2024-09-01 10:00:00
58000200,29,2024-09-01 10:00:00
58000200,57,2024-09-01 10:00:00
58000200,64,2024-09-01 10:00:00
58000200,90,2024-09-01 10:00:00
58000200,122,2024-09-01 10:00:00
